

  {

    "term": "BACCHUS. 바쿠스",

    "part": "명사.",

    "definition": "고대인들이 술에 취할 명분으로 편의상 만들어낸 신.",

    "quote": [

      "꼴딱꼴딱 마실수도 있고,",

      "꿀꺽꿀꺽 마실수도 있다.",

      "술독에 빠져 줄곧 마시기도 하고",

      "찔끔찔끔 마시다 밤새 마시기도 한다."

    ],

    "author": "애주가"

  },

  {

    "term": "BACKBITE. 험담하다",

    "part": "동사.",

    "definition": "상대방에게 들킬 염려가 없을 때, 그에 관해 본 그대로를 입에담다."

  },

  {

    "term": "BANG. 빵! 가지런한 앞머리",

    "part": "명사.",

    "definition": "총 쏘는 소리. 앞머리를 잘라 내린 여성의 머리모양."

  },

  {

    "term": "BEGGAR. 거지",

    "part": "명사.",

    "definition": "고통스러워하는 부자에게 매정하게도 달라붙는 귀찮은 존재."

  },

  {

    "term": "BELLADONNA. 벨라돈나",

    "part": "명사.",

    "definition": "이탈리아어로는 '우아한 부인'; 영어로는 극약의 일종.  두 언어가 본질적으로 동일하다는 것을 가리키는 뚜렷한 일례."

  },

  {

    "term": "BIGAMY. 중혼죄",

    "part": "명사.",

    "definition": "이중 결혼을 말함. 취미상의 실수.."

  },

  {

    "term": "BORE. 따분한 사람",

    "part": "명사.",

    "definition": "이쪽의 이야기를 들어주었으면 싶은 때에 저 혼자만 지껄이는 자."

  }





출처: https://devbox.tistory.com/entry/jQuery-jQuery를-이용해-JSON-데이터-가져오기 [장인개발자를 꿈꾸는 :: 기록하는 공간]